-- sample "seed" data to populate the tables to the return of results when queries are run

-- sample data to populate the department table 
INSERT INTO department(department_name, id)
VALUES
("Sales", 1), 
("Human Resources", 2), 
("Research & Development", 3), 
("Marketing", 4), 
("Legal", 5), 
("Finance", 6), 
("Manufacturing", 7);

-- sample data to populate the role table 
INSERT INTO role(title, id, salary, department_id)
VALUES
("Vice President", 200, 900000, 1),
("Vice President", 201, 900000, 2),
("Vice President", 202, 900000, 3),
("Vice President", 203, 900000, 4),
("Vice President", 204, 900000, 5),
("Vice President", 205, 900000, 6),
("Vice President", 206, 900000, 7),
("Senior Director", 207, 600000, 1),  
("Senior Director", 208, 600000, 2),
("Senior Director", 209, 600000, 3),  
("Senior Director", 210, 600000, 4), 
("Senior Director", 211, 600000, 5),  
("Senior Director", 212, 600000, 6), 
("Senior Director", 213, 600000, 7), 
("Director", 214, 250000, 1), 
("Director", 215, 250000, 2), 
("Director", 216, 250000, 3), 
("Director", 217, 250000, 4), 
("Director", 218, 250000, 5), 
("Director", 219, 250000, 6),  
("Director", 220, 250000, 7), 
("Senior Manager", 221, 125000, 1), 
("Senior Manager", 222, 125000, 2),
("Senior Manager", 223, 125000, 3),
("Senior Manager", 224, 125000, 4),
("Senior Manager", 225, 125000, 5),
("Senior Manager", 226, 125000, 6),
("Senior Manager", 227, 125000, 7),
("Manager", 228, 150000, 1), 
("Manager", 229, 150000, 2), 
("Manager", 230, 150000, 3), 
("Manager", 231, 150000, 4), 
("Manager", 232, 150000, 5), 
("Manager", 233, 150000, 6), 
("Manager", 234, 150000, 7), 
("Senior Analyst", 235, 89000, 1),
("Senior Analyst", 236, 89000, 2), 
("Senior Analyst", 237, 89000, 3), 
("Senior Analyst", 238, 89000, 4), 
("Senior Analyst", 239, 89000, 5), 
("Senior Analyst", 240, 89000, 6), 
("Senior Analyst", 241, 89000, 7),  
("Analyst", 242, 79000, 1),
("Analyst", 243, 79000, 2),
("Analyst", 244, 79000, 3),
("Analyst", 245, 79000, 4),
("Analyst", 246, 79000, 5),
("Analyst", 247, 79000, 6),
("Analyst", 248, 79000, 7); 


-- sample data to populate the employee table
INSERT INTO employee(id,first_name, last_name, role_id, manager_id)
VALUES 
(1,'Maxine', 'Smith', 200, null), 
(2,'John', 'Alexander', 201, null), 
(3,'Fred', 'Brown', 202, null), 
(4,'Joanna', 'Albertson', 203, null), 
(5,'Nicholas', 'Dars', 204, null), 
(6,'Burzin', 'Ferguson', 205, null), 
(7,'Cindy', 'Ritts', 206, null), 
(8,'Malory', 'Henrickson', 207, 1), 
(9,'Tom', 'Reading', 242, 8), 
(10,'Anna', 'Ellings', 222, 2), 
(11,'Martin', 'Montana', 222, 2), 
(12,'Mary', 'Jones', 216, 3), 
(13,'Sally', 'Roberts', 230, 12), 
(14,'Samantha', 'Wells', 245, 4), 
(15,'Kelly', 'King', 245, 4), 
(16,'Peony', 'Lu', 218, 5), 
(17,'Yolonda', 'Billingsworth', 239, 16),
(18,'Manny', 'Marcoza', 212, 6), 
(19,'Yaha', 'Simpson', 219, 6), 
(20,'Larry', 'Olbertz', 226, 19), 
(21,'Thandie', 'Fergus', 233, 20), 
(22,'Tally', 'Beaumont', 247, 21), 
(23,'Nema', 'Lancer', 241, 24), 
(24,'Kara', 'Green', 220, 7);

